house,entropy,Information gain
151305,0.01718465196092704,1.5612430048772552e-7
151805,0.02436999105025835,5.5450060396644574e-5
152305,0.034443461515749264,3.936767378676098e-5
152805,0.046983641949233435,1.6123874397311333e-5
153305,0.05148746859284378,8.954065887190055e-6
153805,0.06165946253015625,2.3639777524953054e-5
154305,0.06448924781053549,7.566723571983403e-5
154805,0.07280061053393987,2.0887515156942094e-5
155305,0.07954272181058006,3.793953584907417e-5
155805,0.0874376844864837,3.517250325657528e-5
156305,0.09640771675744966,1.7455752270079117e-5
156805,0.10267159309064697,3.119898879455629e-5
157305,0.11125901218143108,1.4635238538840412e-6
157805,0.11846422784277634,1.574436622397979e-5
158305,0.1231936518442098,1.5486565531519503e-5
158805,0.12670383685219483,6.829671506003443e-6
159305,0.13363394177677795,6.8480044284058295e-6
159805,0.14381745291318065,3.886570012268109e-5
160305,0.15157483995083698,2.465568537390883e-5
160805,0.15376647296393584,2.44857819979849e-5
161305,0.15703401622617105,2.27309959510702e-6
161805,0.16563492226334972,6.677942388888525e-5
162305,0.17303286680391802,4.8543433874614905e-5
162805,0.17928404524043626,2.2946799631884396e-5
163305,0.18340728824761754,7.3061024170595346e-6
163805,0.18749632159333618,7.362437055680182e-6
164305,0.19657630165783269,5.911124335278295e-5
164805,0.19956721182381967,7.449691874839015e-5
165305,0.20745919301791405,7.246249485981515e-5
165805,0.21233176686773014,5.625596481695361e-5
166305,0.21426826754827258,5.59424246138196e-5
166805,0.22003586150828525,8.583892206148747e-5
167305,0.224795309573188,6.86132131952899e-5
167805,0.2285730027450366,1.40235101028785e-4
168305,0.2332586924895365,1.595797767681706e-4
168805,0.24067400352725526,2.0193734666340557e-4
169305,0.2507120011111186,1.3008670414127455e-4
169805,0.25521647541170933,1.480204033116328e-4
170305,0.25790218406423804,2.1372734161706486e-4
170805,0.2650032760468498,2.086602806650184e-4
171305,0.2676438410278534,2.3098214620886903e-4
171805,0.2711460322864566,2.7983199276993e-4
172305,0.2780880673970991,2.2327299712876503e-4
172805,0.28324133877298074,2.1971724014990812e-4
173305,0.29004336584331525,3.158117312994646e-4
173805,0.2959321422523182,3.960795783114479e-4
174305,0.3017636861278352,4.190794042808754e-4
174805,0.3067176726908423,4.1251582636814277e-4
175305,0.3116314970724093,4.062465128747972e-4
175805,0.3148854694574442,4.633961569771028e-4
176305,0.3213418680408531,3.9451795033873527e-4
176805,0.3245447385098161,3.9083057478661587e-4
177305,0.3277310092024362,3.3289273882852743e-4
177805,0.33090088750496527,3.299863203986009e-4
178305,0.3348404906692946,3.525028672499708e-4
178805,0.3395351592311984,3.4803930848625875e-4
179305,0.3449677763646666,4.244305372966828e-4
179805,0.351118992570536,4.1743001372218647e-4
180305,0.3549329508659529,5.00445488210377e-4
180805,0.3594792240932677,4.943441867447662e-4
181305,0.3647418733969593,5.801705950317926e-4
181805,0.37292371483395226,5.366993172268852e-4
182305,0.3788080741800979,6.555828374700257e-4
182805,0.38100063130382805,6.854763118633311e-4
183305,0.38681049914745275,8.911025796340954e-4
183805,0.3932833941169413,9.92868603765018e-4
184305,0.3989820067139994,9.780375876192737e-4
184805,0.4032225578010158,9.673217586715355e-4
185305,0.40533223431545756,0.0010012784853423717
185805,0.4074349087563426,0.0011174339142016043
186305,0.4102276638139459,0.0010282435305974946
186805,0.41508556161349075,9.76821374511716e-4
187305,0.41784487321875563,0.001048035938730485
187805,0.4233277059472328,0.001033892436248962
188305,0.4280865616702899,0.0011410049554683166
188805,0.43078993624253337,0.001215892288388365
189305,0.4361622893635239,0.0010405293802743243
189805,0.44016182102047197,0.0011082635359708215
190305,0.4461140568716664,0.0012125254018344744
190805,0.4493967686130651,0.0013280080345934309
191305,0.4513582275202821,0.001364629709662779
191805,0.4546138240185429,0.0013972942840030367
192305,0.4604318175964577,0.001600567980775791
192805,0.46364093150814,0.0015432253120042372
193305,0.4668337322677176,0.0017634178220905516
193805,0.46937632595513523,0.0017529974425956052
194305,0.47505971150786075,0.001777450259672575
194805,0.47631570591652617,0.0018684939446254045
195305,0.47819497693359814,0.0019092562646172428
195805,0.4794446898784863,0.0019037973306194056
196305,0.4825580644170644,0.001939237580156794
196805,0.488738512769615,0.002010523948832499
197305,0.49180584403367034,0.001947746617823376
197805,0.4930285431883954,0.0018465879020863607
198305,0.49546672780642564,0.0018367162781329771
198805,0.49728908500988783,0.001782883303752203
199305,0.5045252195512137,0.0015783500137525053
199805,0.5081116634781936,0.0015665433626451675
200305,0.5128612357710383,0.0015512154522816513
200805,0.5163993977874834,0.0013771035812084609
201305,0.5175742473996879,0.0014539638982148384
201805,0.5205015096631214,0.0014860742349157574
202305,0.5234147674201236,0.0015183646514731475
202805,0.5263141237959432,0.001389332693902845
203305,0.5297751442074663,0.0015402272680622442
203805,0.5366382526156257,0.0016862063227519597
204305,0.5383418739883805,0.001555351940628169
204805,0.5417346728046559,0.0016275321722827307
205305,0.543985903671666,0.0017907271709799444
205805,0.5456687767023942,0.001741671492699215
206305,0.547905244256029,0.0018206846521102715
206805,0.5495770975003238,0.001771450727381274
207305,0.5534598784844805,0.001978554452501502
207805,0.5562177888160795,0.0018351730877658179
208305,0.5584148797461769,0.0017419478914620923
208805,0.5595103608872481,0.0017383709928056046
209305,0.5627846106831829,0.0017277828654214122
209805,0.5682013611677685,0.0019681357449479187
210305,0.5692787076015573,0.0019641809831082435
210805,0.5714274371914464,0.002045620367093104
211305,0.5735682488860951,0.002128352122695576
211805,0.5788858943890123,0.0021992898822718043
212305,0.5841548996910572,0.0019983490234740664
212805,0.5867713455236283,0.0021222724650442615
213305,0.587814576049882,0.0021182672012556303
213805,0.5914509007745268,0.0021494192588285
214305,0.5940340848673855,0.002184706530957148
214805,0.5971184046873688,0.0021727110767809643
215305,0.6012047173151163,0.0021570557373506993
215805,0.6052614336441172,0.0021417759308518525
216305,0.6062710194798956,0.002138013242013459
216805,0.6087869906218495,0.002173060688685391
217305,0.6137848887992572,0.0021544202746193175
217805,0.6152754647588784,0.0021051420770064055
218305,0.6182445244142953,0.0021820997200889813
218805,0.6216881658302322,0.0022135594829256755
219305,0.625597235392036,0.0024712423912548465
219805,0.6280261388242329,0.0025077671241189314
220305,0.6323707225239767,0.002443111708022805
220805,0.6352476435913501,0.00243139423504235
221305,0.6366802992629759,0.0023801110244157098
221805,0.6395340592216618,0.002459869574436002
222305,0.6451956946389038,0.0023471293133567883
222805,0.64800375038901,0.0022486852585784645
223305,0.6512607915097147,0.0024583925317014366
223805,0.6531128095612151,0.0025422515047608396
224305,0.6567970059345409,0.0025272403572310642
224805,0.6599991074106341,0.002292396407520547
225305,0.6627278466995907,0.0021971759477144026
225805,0.6663434550172302,0.0023564595895751994
226305,0.6690382318244247,0.002434414873277113
226805,0.6703802065414088,0.002385388289670276
227305,0.6757122400671436,0.0025426225311171446
227805,0.6787962644040428,0.0024861114164616005
228305,0.6801120885591359,0.0026155577092032978
228805,0.6822972955869238,0.002652262535424832
229305,0.684906671183868,0.0027333474271482583
229805,0.6857733539566856,0.0026382689688001504
230305,0.6862061138809749,0.0025914285064190246
230805,0.687502071758312,0.0024536856428939435
231305,0.6909409897040177,0.002617810654433228
231805,0.6917968764786149,0.0025255015182164
232305,0.6935040567456334,0.0025191169398008917
232805,0.6960533820109938,0.0025096612289090547
233305,0.69732291273314,0.0024615035778444705
233805,0.7006916792544601,0.0023641334790922564
234305,0.7040363536251811,0.0025240160242252507
234805,0.7077705069114998,0.002553947069171225
235305,0.7094204625066821,0.0024615825498722765
235805,0.7118842959452947,0.0025389577274732567
236305,0.7147420076360227,0.002317559808854841
236805,0.7159612385200493,0.0024389494196702666
237305,0.7175817622575337,0.0024334301551490745
237805,0.7191964538596187,0.0024279651995140483
238305,0.7204036558824446,0.002466099680486722
238805,0.7232077831232577,0.0024989087968945167
239305,0.7244041363935072,0.0024524938010792585
239805,0.7279737920441891,0.0026543387119273287
240305,0.7307301619373727,0.002776278593287107
240805,0.7338589646129219,0.0026763710836834598
241305,0.7361907080693066,0.0025816938149064717
241805,0.7381241429120167,0.0026177403730716087
242305,0.7404326898152449,0.002695906400647763
242805,0.7423468693794797,0.00282063799275567
243305,0.7434911975701917,0.0028607830850838623
243805,0.7438719451653042,0.002814819773640842
244305,0.7457704804693951,0.0026766640540712983
244805,0.7472830798655523,0.00267128301286923
245305,0.7495416331482767,0.0025782541982827256
245805,0.7514143095213953,0.0025300602948687967
246305,0.753278424745151,0.002482528759033764
246805,0.7543927964996244,0.0024379646858335713
247305,0.7551340075688038,0.0024356510679263144
247805,0.7577175432159776,0.0024684309933341586
248305,0.7610148644938222,0.002581909124398707
248805,0.7631979221016928,0.002743976681257032
249305,0.7653689094510547,0.002910408199675807
249805,0.766809551642031,0.00290499353115381
250305,0.7682448635988829,0.0028996288581466523
250805,0.7696748588558746,0.0028071872986491497
251305,0.7732266742876346,0.003058537499273317
251805,0.7763951396521734,0.00309110880064023
252305,0.7770956347422823,0.0030883472906012566
252805,0.7788411507350708,0.003126598361545163
253305,0.7812711799688439,0.003253743634255568
253805,0.7826526186400453,0.0034345851743398104
254305,0.7857419205718275,0.0033741287414167376
254805,0.7898204080060771,0.0033567772584459643
255305,0.7921782247415889,0.0035823752571838563
255805,0.794186778629709,0.0036694643431919305
256305,0.7955194599974562,0.003663288836724843
256805,0.79882900688291,0.003842909531414973
257305,0.7994871294533996,0.003839718497829381
257805,0.8001439930679233,0.003935667872446924
258305,0.8014539490599252,0.003929162178012424
258805,0.8030843374083467,0.003773547020553769
259305,0.805676701154523,0.003859098053942578
259805,0.807607888421824,0.003849861037959701
260305,0.809846818171456,0.004087419161839967
260805,0.8117538374946764,0.0042813475640659515
261305,0.8130190161420181,0.004378068143207292
261805,0.81459356935826,0.004526649116291859
262305,0.8158476885163011,0.00441463667536568
262805,0.8167850626588017,0.00446171774520665
263305,0.8183412414425324,0.004297705312227285
263805,0.8189615776523955,0.0042944250819030305
264305,0.8198897980878826,0.004340904110654797
264805,0.8220450095918924,0.004380966442467438
265305,0.823269889384429,0.004374406822950427
265805,0.8244899308643099,0.004471490142549106
266305,0.8278201769795026,0.004401703727797135
266805,0.8290221613140679,0.004293018906852186
267305,0.8296213557066863,0.0043921512998548184
267805,0.8314117619676913,0.004382723146620915
268305,0.8317091179194354,0.0044325704486125606
268805,0.8320061756633574,0.004379607779743777
269305,0.8334869963518331,0.004526608641484464
269805,0.8355476611088416,0.004463749096109915
270305,0.8378849291748804,0.004451401855552151
270805,0.8387565299352768,0.004498315908628037
271305,0.840203304005012,0.00454233286829453
271805,0.8413554287772653,0.004536177546117015
272305,0.8425028568967429,0.004530075770837305
272805,0.8442152119806514,0.0047295333118959615
273305,0.845634138340096,0.004669197082551868
273805,0.8467640314509017,0.004874342020400935
274305,0.8495684143103144,0.0049653573891021985
274805,0.8509597352038563,0.004903752626879032
275305,0.8531708265747677,0.0048911916565250735
275805,0.8542694564444486,0.0048849929183076846
276305,0.855908779328294,0.004982424031131472
276805,0.857266995579985,0.004921292311200087
277305,0.8588874149763084,0.005126883130313287
277805,0.8596937705851435,0.005176473075139576
278305,0.8610319982551435,0.005223056397332226
278805,0.8620974606182354,0.005000652107450376
279305,0.8628935759192753,0.004942916820533161
279805,0.8642147653325359,0.004882724458910914
280305,0.8652666229365616,0.0050897959934848025
280805,0.8673567863666847,0.0051856731167905235
281305,0.8686539843016141,0.005232366644609243
281805,0.8699441578579775,0.005279236059969161
282305,0.8722488143509504,0.005430134981204149
282805,0.8730120001620478,0.005480831933385888
283305,0.8742783969515571,0.005528600829093566
283805,0.8760396586270913,0.005462383650898905
284305,0.8767903169298992,0.00540280178741559
284805,0.8787798745962756,0.005390999888757686
285305,0.8807517335674103,0.005600094812020506
285805,0.8814866288612673,0.005540047886316568
286305,0.8831917512710551,0.0055851741443105896
286805,0.8853642819094952,0.005739436946014531
287305,0.8870386957440657,0.005452010735897517
287805,0.888226513263211,0.005499871364358477
288305,0.8886997320033372,0.00549709781022778
288805,0.8898780151627255,0.005545138687466755
289305,0.8912829861361435,0.005758902976024105
289805,0.8929097796028946,0.005582374943065238
290305,0.8947527411876097,0.005462174069236658
290805,0.896351167346672,0.005617310943088372
291305,0.8977107499817911,0.005609381244606526
291805,0.8995084909037241,0.00570934472491702
292305,0.9001782221568235,0.005650128357722828
292805,0.9015104633169775,0.005532873361355772
293305,0.90283309230474,0.0057452397535413535
293805,0.9039279544738981,0.005906261872544394
294305,0.9045816787959513,0.0057350177827579785
294805,0.9052330112952276,0.0057866835964095475
295305,0.9058819543393516,0.005838552617433823
295805,0.9071726814697931,0.006055933834433591
296305,0.9078144702286918,0.006108854397679386
296805,0.9090909097221919,0.005987652289155543
297305,0.9093027253326825,0.006042872213354089
297805,0.9107780512181485,0.0062046844985201854
298305,0.9128632884504352,0.0061916958921715
298805,0.9141018281245374,0.006184052726425415
299305,0.9149222810370885,0.006065503522295845
299805,0.9163480038742928,0.00600075660240873
300305,0.9167530024117233,0.006111114032131493
300805,0.9175598691623005,0.006219964178181381
301305,0.9185625897502874,0.006156973453032566
301805,0.9189618560004678,0.006268578572423911
302305,0.9195588051971619,0.006322281285423226
302805,0.9201534160389233,0.006376188809865013
303305,0.9209425966494915,0.006487104541392785
303805,0.9213356309720693,0.006601421937684537
304305,0.9215317594047043,0.006658935678875766
304805,0.9219232391925756,0.0066563822077621015
305305,0.9221185906993634,0.00659637257974921
305805,0.9227030925775636,0.006534185742932186
306305,0.9228974092405635,0.006474797681453204
306805,0.9238651162055624,0.006526847677332137
307305,0.9246346346284192,0.006406214721288439
307805,0.925017846420527,0.006519621146649279
308305,0.925590731491388,0.006691502757149248
308805,0.9259713673152377,0.006807270429554979
309305,0.9263509737747527,0.006686618377802267
309805,0.9267295514512914,0.006802300121215077
310305,0.9272954902645194,0.006739464627628866
310805,0.9276714985131491,0.0068555324536274664
311305,0.9278591175648386,0.0067949401211571114
311805,0.9278591175648386,0.0067949401211571114
312305,0.9286070282886799,0.006555471140752833
312805,0.9295361496886541,0.006607956175621599
313305,0.9299060058839723,0.006489574249388785
313805,0.9304588715423553,0.00654411461898019
314305,0.9308261703732198,0.006658356302126633
314805,0.9313752025981522,0.006831483710412867
315305,0.9317399475413808,0.006948077303741029
315805,0.9321036718958915,0.006945700986235259
316305,0.9326473460244871,0.006882632446423953
316805,0.9331887269083052,0.006938647687525057
317305,0.934085937259858,0.006873432738252472
317805,0.9344430410823386,0.006753140078250008
318305,0.9353313545334516,0.006572729189424642
318805,0.9363889560923307,0.006566460880621849
319305,0.9369143350609668,0.006505682713409566
319805,0.9372633215694084,0.006503657976986599
320305,0.9377849034266298,0.006558265570173916
320805,0.9381313601495669,0.006672211375111536
321305,0.9381313601495669,0.006672211375111536
321805,0.93899307990782,0.006842777584278759
322305,0.9391646663061015,0.0067829214945033245
322805,0.9400188140303991,0.006954771310713315
323305,0.9410354742439404,0.007187753931876095
323805,0.9413723468995969,0.007185582470753404
324305,0.9415404058673056,0.007244921932417991
324805,0.9418757693922889,0.0073643010235835416
325305,0.9420430740731314,0.007424340476061331
325805,0.9423769295795534,0.007422109229722529
326305,0.9428758291216071,0.007480127231113354
326805,0.9430416268889363,0.007540596722111159
327305,0.9435375148035032,0.00759903958382524
327805,0.943866852863436,0.007473494706285777
328305,0.9441951883806853,0.00747130941907892
328805,0.9446858129410867,0.007406846609574136
329305,0.9446858129410867,0.007406846609574136
329805,0.9446858129410867,0.007406846609574136
330305,0.9453364745976552,0.0074025994884607815
330805,0.9456603046006401,0.007400494728943219
331305,0.9459831346845358,0.0073984024675357585
331805,0.9463049653203841,0.0072748983133861245
332305,0.9467858383349772,0.007211571846385323
332805,0.9471051723995374,0.007209591288891537
333305,0.9472644652226871,0.007148592937278431
333805,0.9475823027402934,0.007266885616180163
334305,0.9475823027402934,0.007266885616180163
334805,0.9480571895602826,0.007324392192995521
335305,0.9482149868751947,0.007384104358226562
335805,0.94837253513972,0.007322415243823155
336305,0.9485298344109836,0.007261003511991326
336805,0.9486868847459982,0.007320450464034733
337305,0.9486868847459982,0.007320450464034733
337805,0.9486868847459982,0.007320450464034733
338305,0.9491565427019967,0.007500187530900981
338805,0.9493125978599055,0.0075605650358236964
339305,0.9494684043649524,0.007621174989785873
339805,0.9500891449817128,0.007617121024418472
340305,0.9510128058485454,0.00773490586810599
340805,0.9516236182354287,0.007981268370019001
341305,0.9528333511644931,0.008355593587773269
341805,0.9531333094660341,0.008482913848912421
342305,0.9534322786581322,0.008611159487363684
342805,0.9537302591691814,0.008478544012890499
343305,0.9538788788027143,0.008542519511058888
343805,0.9540272514258512,0.008606726272627596
344305,0.9540272514258512,0.008606726272627596
344805,0.954618272874127,0.008733606270794558
345305,0.9552053463819667,0.008729194512882454
345805,0.9556430626941943,0.008791847645082895
346305,0.9559336415789823,0.008922216327541754
346805,0.9563676629557663,0.008720539758910517
347305,0.9570861101419459,0.008913435338130604
347805,0.9573717675868314,0.009044605938372419
348305,0.9575142276346437,0.009110537402857277
348805,0.957656441966768,0.009176699572772451
349305,0.9579401336855209,0.00904024136307302
349805,0.9583638296530608,0.009103967541787217
350305,0.9587853168873166,0.009167909444248501
350805,0.9587853168873166,0.009167909444248501
351305,0.9594828909550837,0.009229906158909063
351805,0.9597602051030005,0.00936320695265458
352305,0.9601743395356703,0.009428013458894435
352805,0.9601743395356703,0.009428013458894435
353305,0.9604492051990206,0.0094258386294781
353805,0.9609960007671439,0.00969601290090727
354305,0.9614035301687929,0.009901061694642
354805,0.961808860482543,0.009828007308746223
355305,0.9622119929892499,0.010034352598350615
355805,0.9628789999377358,0.010099070336004434
356305,0.9634082163531281,0.010094608900161672
356805,0.9638025702770117,0.010021050108678597
357305,0.9641947326759486,0.010229220165582698
357805,0.9644549573701855,0.010085873568291492
358305,0.9649724878195963,0.010222659522213018
358805,0.9654861287524892,0.010077386858640236
359305,0.9656139315845387,0.010006235042361089
359805,0.9658688086787331,0.010144602778214606
360305,0.9662493035591007,0.01021203901743406
360805,0.9663756498259819,0.010281785594461024
361305,0.9666276145832189,0.010138408499285712
361805,0.9668786092630528,0.009996112639232058
362305,0.9670037429328154,0.009925369535420114
362805,0.9673776897817423,0.009852971337879435
363305,0.9682417553506203,0.0100553168083235
363805,0.9683642251070563,0.010124494086004576
364305,0.9686084389078252,0.010122567536855365
364805,0.9689729459606131,0.01019004062730211
365305,0.9692147420527999,0.01018813310620259
365805,0.9698150045789098,0.010113162806716036
366305,0.9706452337089051,0.00989766293720118
366805,0.9708802712324182,0.009757766451803818
367305,0.9709974283968407,0.009825878185346526
367805,0.9716953115492084,0.009820855353409375
368305,0.9721557510153387,0.009817579360657414
368805,0.9726123406542944,0.009814361219495193
369305,0.9728391925707343,0.009812773790981777
369805,0.9730650829659926,0.009811200762922745
370305,0.9731776676897308,0.009879452824373969
370805,0.9734021163817199,0.009740095500733403
371305,0.9734021163817199,0.009740095500733403
371805,0.9736256043217102,0.009738574928279675
372305,0.9737369881051038,0.009669315705540305
372805,0.9738481318147916,0.009737068580631725
373305,0.9741801228802247,0.009803550916575032
373805,0.9746194188914191,0.00993868705034151
374305,0.9748376281095081,0.009937196319605768
374805,0.9751631442881625,0.00972832811457458
375305,0.9753789570721223,0.009726920792971105
375805,0.9759142981623412,0.009792052702098819
376305,0.9766537247051379,0.00958242854876823
376805,0.97707099356221,0.009716167185885638
377305,0.9772781942040123,0.009714885832079134
377805,0.9777920161782878,0.010056436420095238
378305,0.9780974447193889,0.010124126550620893
378805,0.9784007259140173,0.01005256248082631
379305,0.9789014251893713,0.01025891426600789
379805,0.9792976945949038,0.010397195611648202
380305,0.9794944000282688,0.01039592632942199
380805,0.9798849536803015,0.010677775032209902
381305,0.9801753698902185,0.010747526610545455
381805,0.980559261134669,0.011033972349194343
382305,0.9807497800364837,0.011032672714738179
382805,0.9811279656779572,0.01132279216701959
383305,0.981409110265234,0.011247325017692322
383805,0.9815953525361447,0.011393284896171418
384305,0.9815953525361447,0.011393284896171418
384805,0.9817806451351804,0.011392001302695798
385305,0.9821483823087016,0.011686673293164973
385805,0.98233082737528,0.01183539765196251
386305,0.9826027162616069,0.01190879874160422
386805,0.9829619157815452,0.01190623235402466
387305,0.9832288272245688,0.012131699280797603
387805,0.9836689425800075,0.012512109259170012
388305,0.9838433314400312,0.012510809453159188
388805,0.9840167736310172,0.012509527085275196
389305,0.9843608189286233,0.01219989707351865
389805,0.9848697925889133,0.012658300349615681
390305,0.9854528427806462,0.012422272233717835
390805,0.9860243224795167,0.012650238729778218
391305,0.9863456909739412,0.012493395042614708
391805,0.9865049600975662,0.012492372152794196
392305,0.9866632860871212,0.012491366428993289
392805,0.9867420954721691,0.012568068858849868
393305,0.9869771095010271,0.012335763525148313
393805,0.9872871628764268,0.012333917740687594
394305,0.9878206895479911,0.012254449707380322
394805,0.9881203837083672,0.012252810766361977
395305,0.9883426841188907,0.012481432045227114
395805,0.9887809358252908,0.012633418646976535
396305,0.9889251392146459,0.012787922935033613
396805,0.9889968884204416,0.012709781794900454
397305,0.9890684026651604,0.012787148867177356
397805,0.9892815358677631,0.012863991013897014
398305,0.9895624254344504,0.013019145501525609
398805,0.9898395585979725,0.013017711371682728
399305,0.9899767169845921,0.013174536488167243
399805,0.9900449442081469,0.01325329960866084
400305,0.9901129368150907,0.013332296485468742
400805,0.9904493813789543,0.013410155588955086
401305,0.9905159667520931,0.013330268133294632
401805,0.9905159667520931,0.013330268133294632
402305,0.9909755006386798,0.01388978552140896
402805,0.9911046869108207,0.013889143820282834
403305,0.991549460483248,0.014131224454339897
403805,0.991549460483248,0.014131224454339897
404305,0.9916744312244657,0.014294602574445592
404805,0.9917984656347416,0.014294019318803586
405305,0.9919215638763015,0.014293455258621579
405805,0.9921044562740411,0.014210575227815658
406305,0.9921649524958245,0.014292384675457015
406805,0.9924045983554506,0.01412753180086912
407305,0.9924045983554506,0.01412753180086912
407805,0.9925230181423884,0.014127080012734883
408305,0.9926405027073248,0.014290473322750907
408805,0.9926988943295159,0.014372522772464924
409305,0.993101091795279,0.014125104331265348
409805,0.9932699575109503,0.014043090554493487
410305,0.99343672116899,0.014287863871352835
410805,0.9935467293729194,0.014452224514079348
411305,0.9936013832583082,0.014369632054130888
411805,0.9938176644369765,0.014534198929166964
412305,0.9939774247316197,0.014451172317454297
412805,0.9941350850414459,0.01469951398111391
413305,0.9941871718947033,0.014782767005357744
413805,0.9943931868420699,0.015118143002931017
414305,0.9944947950704545,0.015117952998584538
414805,0.9946454587282652,0.015033424007692364
415305,0.9949404923860689,0.014698410774340531
415805,0.995036972620025,0.01486520921799328
416305,0.9951325209044186,0.01486516699658369
416805,0.9953673151467719,0.015117145294864964
417305,0.9954596025760818,0.015286332529796498
417805,0.9955509586040968,0.015456469716230492
418305,0.9957308769287829,0.015627596398525734
418805,0.9958633716158607,0.015886026710016266
419305,0.996036773191054,0.016059590119926415
419805,0.9963724093754942,0.016409709656213245
420305,0.9965746235210604,0.01667482209927751
420805,0.9966931620319993,0.016763835025821905
421305,0.99677102542964,0.016764079325384706
421805,0.9968860773632815,0.01703192831048439
422305,0.9971099070637143,0.016854349830837556
422805,0.99721868548119,0.01676600915770532
423305,0.9972544803756631,0.01667755297913054
423805,0.9973253733670284,0.01667796623628348
424305,0.9974643724782077,0.017034858387787066
424805,0.9974985417232889,0.017124682037336747
425305,0.9975324787774469,0.01703532557117793
425805,0.9976986815649482,0.01694724499006628
426305,0.9977312257008414,0.016858408716815543
426805,0.9977635377208625,0.016769818194333874
427305,0.9978274654548883,0.016770393535039396
427805,0.9979216164449013,0.01668267258746181
428305,0.9979832234822523,0.016860788983153796
428805,0.9980136789440268,0.016772251746509426
429305,0.998073893802847,0.01695086822164793
429805,0.9981331806399114,0.01713044956601162
430305,0.9982489705531832,0.017492509751267038
430805,0.9982489705531832,0.017492509751267038
431305,0.9983610492806043,0.017313223744348183
431805,0.9984156971308373,0.017494796356732234
432305,0.9984694173996587,0.01749560449964338
432805,0.9986996816159562,0.017590268745337534
433305,0.9987483013912983,0.017773400948797757
433805,0.9987959940133877,0.0177743569095985
434305,0.9990417332525516,0.017688814688298304
434805,0.9991241416667279,0.01732855623148688
435305,0.9992219397128026,0.01760299832874801
435805,0.9992778388582014,0.01769580634732948
436305,0.9992960086626652,0.017787647736906775
436805,0.9993491284257803,0.017698322544490774
437305,0.9994167124695754,0.018067257735071784
437805,0.9994959821588584,0.01816284470641416
438305,0.9995260691636318,0.01816425111756148
438805,0.9995552300150816,0.018165681365016617
439305,0.9996107734066413,0.018353699881928143
439805,0.9996371560180859,0.01835520619442743
440305,0.9996749936755416,0.018636939759812843
440805,0.9996990613212757,0.018825993034543576
441305,0.9997334266782794,0.018922508446676534
441805,0.9997551795514473,0.019113071316776864
442305,0.9997760065655026,0.019114746142779748
442805,0.999824023639558,0.019213870085016405
443305,0.9998329327144161,0.019119921396882344
443805,0.999858271311213,0.01921742774279267
444305,0.999858271311213,0.01921742774279267
444805,0.9998888160745643,0.01941148241201196
445305,0.9999026999153728,0.01941335754116269
445805,0.9999156580864236,0.019415258220251363
446305,0.9999156580864236,0.019415258220251363
446805,0.9999333597482571,0.01970557730725342
447305,0.9999440038150702,0.0199003664950832
447805,0.9999625151109113,0.020292932990497503
448305,0.9999703823636932,0.020295016933358
448805,0.999973968895911,0.020393800016660357
449305,0.9999833401294557,0.020494980274102348
449805,0.9999860010896078,0.020594281486311594
450305,0.9999906288386005,0.020793634368947878
450805,0.999995835044388,0.02109454186517934
451305,0.9999995372275501,0.02129872863899962
451805,0.9999995372275501,0.02129872863899962
452305,0.9999995372275501,0.021303469251806817
452805,0.9999884306590627,0.021313288648164397
453305,0.9999773240335722,0.021519003000317616
453805,0.9999625151109113,0.02172584010866907
454305,0.9999387974845837,0.02203683200436335
454805,0.9999217900510332,0.022142897697198904
455305,0.9999156580864236,0.022246455512960006
455805,0.9999026999153728,0.022454333154916073
456305,0.9998958737047741,0.02255865328510176
456805,0.9998740065461802,0.022460125792096663
457305,0.9998416103494672,0.022260930620774166
457805,0.9998055111589115,0.022062741633334326
458305,0.999765708789165,0.022273043784329927
458805,0.9997334266782794,0.022585873996873285
459305,0.9996871432417075,0.022386533908541395
459805,0.9996626126188781,0.022389749940038284
460305,0.9996500000677426,0.022288853153746957
460805,0.9996240804657848,0.022497394820524153
461305,0.9995972348363831,0.022500695549828365
461805,0.9995552300150816,0.022608731982983965
462305,0.9995260691636318,0.022612118231051248
462805,0.9994959821588584,0.02261553473678335
463305,0.9994491150293494,0.02251765064545508
463805,0.9993833836159933,0.02252464369452123
464305,0.9993491284257803,0.022528185509577248
464805,0.9993491284257803,0.022528185509577248
465305,0.9993316534407286,0.022633071770914448
465805,0.9993316534407286,0.022633071770914448
466305,0.9992960086626652,0.022843618497282447
466805,0.9992028434003765,0.022956667409984366
467305,0.9991639558428757,0.022752899397185722
467805,0.9991038870807125,0.02307020745624566
468305,0.9990417332525516,0.023389849689283038
468805,0.9989991389085621,0.023393763516290855
469305,0.9989556177340031,0.02360821428283222
469805,0.9989111696729014,0.0234016858296221
470305,0.9988657946680857,0.023616251247437603
470805,0.9987959940133877,0.02372802045908884
471305,0.998650134624794,0.0237404995007221
471805,0.9985482587387375,0.024174282657046686
472305,0.9985222101562444,0.02428338385928064
472805,0.9984959297127045,0.02417862751546762
473305,0.9983333774905121,0.024621234087822685
473805,0.9982773381358245,0.024625769643651818
474305,0.9982203710215201,0.024630338719781042
474805,0.998073893802847,0.02453413612830646
475305,0.9979832234822523,0.024648950777336975
475805,0.9979216164449013,0.024653687869978236
476305,0.9978590811895041,0.02465845865091354
476805,0.9978274654548883,0.0247689323256427
477305,0.9978274654548883,0.0247689323256427
477805,0.9976659053026885,0.024889446675096405
478305,0.9974985417232889,0.025010497379911678
478805,0.9974299710311796,0.025015538682277016
479305,0.9973953373711036,0.025126977928983774
479805,0.9973253733670284,0.02491448299680843
480305,0.9971826583054746,0.025142411963872013
480805,0.9969990377984983,0.025264755136218398
481305,0.9969239632140556,0.025489320246751324
481805,0.9969239632140556,0.025489320246751324
482305,0.99677102542964,0.02550013601272738
482805,0.99677102542964,0.02550013601272738
483305,0.9966931620319993,0.025505596799882846
483805,0.9966143688302589,0.025731452873607674
484305,0.9964944354217569,0.02607225699442961
484805,0.9964539926057228,0.026186397891445057
485305,0.9963724093754942,0.026415490261649355
485805,0.9962064521513648,0.026651535752965638
486305,0.9961643813580431,0.026767068021754103
486805,0.9959505377860031,0.026669371302573297
487305,0.995907071053596,0.02655997444560887
487805,0.9957752745677209,0.026907040085183298
488305,0.9956413833492602,0.02702944927526585
488805,0.9955509586040968,0.027035663121979914
489305,0.9954135752940395,0.02693181055580096
489805,0.9952271373632493,0.02717124059587206
490305,0.9951799456043277,0.027288222992206457
490805,0.9951799456043277,0.027288222992206457
491305,0.9950848632481379,0.02706730160248816
491805,0.995036972620025,0.027184092295661655
492305,0.9949404923860689,0.027190575558608376
492805,0.9948430800773135,0.027425063952629558
493305,0.9945452494313024,0.027674072342909084
493805,0.9943931868420699,0.027569545428208886
494305,0.9942906458279208,0.02757634918361007
494805,0.9942390254845758,0.027694495580368295
495305,0.9941350850414459,0.027931618693011417
495805,0.9941350850414459,0.027931618693011417
496305,0.9940827649078681,0.027819848629062838
496805,0.9940302114769565,0.027708307549909716
497305,0.9938711512289162,0.027833827241938947
497805,0.9937099906849047,0.027729321163782128
498305,0.9936013832583082,0.02750689711685317
498805,0.993491842015771,0.027285386613606466
499305,0.9933813668146254,0.027064788940986517
499805,0.9932699575109503,0.026845103394378844
500305,0.993101091795279,0.02696896375245661
500805,0.9930443360140524,0.027086061504364878
501305,0.9926988943295159,0.027335648997692585
501805,0.9922852431918909,0.02793613991103716
502305,0.9921044562740411,0.02783211284134235
502805,0.9920437261101005,0.027720703828152393
503305,0.9917984656347416,0.027736015121786473
503805,0.991549460483248,0.027982401261174905
504305,0.9912967093527205,0.027767120901044606
504805,0.9912329361062422,0.027655894179917095
505305,0.9909105560460025,0.02802207066934359
505805,0.9907799638410607,0.02779887388912794
506305,0.990648434133904,0.02803822479144158
506805,0.9904493813789543,0.028166514548713106
507305,0.9901129368150907,0.028771543102416475
507805,0.9896320608308693,0.028683949539936027
508305,0.9894925552629348,0.028927801656847274
508805,0.9892815358677631,0.0288230821687806
509305,0.9892107263654115,0.02870988175936351
509805,0.9888531550241602,0.028849427972192254
510305,0.9884163138701971,0.028876160265942197
510805,0.9881203837083672,0.028894197387041354
511305,0.9878206895479911,0.028912407604073098
511805,0.98759344785294,0.02904434433270142
512305,0.9872871628764268,0.02906292566779345
512805,0.9869771095010271,0.029319021573436466
513305,0.9868990071531725,0.029442829137468207
513805,0.9866632860871212,0.0298160066179316
514305,0.9865842409709724,0.029940985041642443
514805,0.9865842409709724,0.029940985041642443
515305,0.9863456909739412,0.029835533178173224
515805,0.9859433905659618,0.029980451756914772
516305,0.9857808188034594,0.029990432627956976
516805,0.9855351909164094,0.029885144980723144
517305,0.985121088641395,0.030030815161567692
517805,0.9849537942283262,0.030282714887221784
518305,0.9848697925889133,0.030166887662123942
518805,0.9842751624180481,0.030082332013822044
519305,0.9836689425800075,0.03024008816125434
519805,0.9835813930765407,0.030124382630031366
520305,0.9834936068185656,0.03025073276799728
520805,0.9832288272245688,0.03038813592143974
521305,0.9828724714179767,0.0304097864457058
521805,0.9822397234431681,0.031059696409182713
522305,0.9820568039413395,0.03131741404105781
522805,0.9818729353853344,0.03157634271624332
523305,0.9813156329249129,0.031116514496394854
523805,0.9810337757084305,0.0312571279703886
524305,0.980939348132799,0.031386534492516494
524805,0.9806546394522144,0.031528007125739665
525305,0.9802716994618395,0.03205017700600532
525805,0.9799819970319388,0.03219363935805142
526305,0.9797876723368675,0.03220584504820212
526805,0.9795923955436908,0.03246966190931688
527305,0.9791989846107556,0.03224277283608801
527805,0.9790008499413556,0.03225518600339361
528305,0.9786017208620335,0.032532174358176125
528805,0.9781987769993468,0.0325575478385558
529305,0.9776897293162332,0.032970077156651234
529805,0.9774844393623578,0.03298311542395704
530305,0.9769670348474383,0.03288869332345423
530805,0.976443655924738,0.03254114363764793
531305,0.9763382628222435,0.03267436185555361
531805,0.9759142981623412,0.033210375817971816
532305,0.9758077087551353,0.033089373446976156
532805,0.9755938117971341,0.03310290133718463
533305,0.9754865041737167,0.033237528798510496
533805,0.9752711704558139,0.03350773196545698
534305,0.974946373151865,0.03365719915664833
534805,0.9745099546414298,0.03420299373304592
535305,0.9740696991645834,0.03449222483338843
535805,0.9737369881051038,0.03490708177302859
536305,0.9737369881051038,0.03490708177302859
536805,0.9735139804266122,0.03518525955094631
537305,0.9731776676897308,0.035075676334357375
537805,0.9730650829659926,0.035215090560291706
538305,0.9728391925707343,0.03523009560936119
538805,0.9723845269064112,0.035260285439626005
539305,0.9719260126678447,0.03529071577883691
539805,0.9713474539832374,0.03493277307090725
540305,0.9708802712324182,0.03522759651746077
540805,0.9702908688307104,0.03539913123020577
541305,0.9699343326659069,0.03555570353274362
541805,0.9695756241104942,0.0357128400608091
542305,0.9692147420527999,0.03560353124964721
542805,0.9689729459606131,0.03561959802976278
543305,0.9684864529453839,0.035919275068384215
543805,0.9681190436337586,0.03634708254502439
544305,0.9675018541552147,0.03679479795461682
544805,0.9671286342136793,0.03695622998475523
545305,0.9670037429328154,0.03710101758099904
545805,0.9663756498259819,0.03673586206256796
546305,0.96612271464159,0.036482011958804295
546805,0.9659958830294877,0.03635540907647283
547305,0.9653580830045693,0.03680511419556409
547805,0.9649724878195963,0.03669541882882221
548305,0.9647142089642284,0.03644171459325718
548805,0.9643249666832481,0.0366034999115421
549305,0.9639335345184163,0.03676588157121086
549805,0.9635399112402517,0.03692886251520444
550305,0.9634082163531281,0.03680151357547057
550805,0.9630116696640845,0.036964823197731755
551305,0.962479527618626,0.03700105473558146
551805,0.9622119929892499,0.03674632949938894
552305,0.9620778596090686,0.03689177256566889
552805,0.9614035301687929,0.03707433572537955
553305,0.9611320883235294,0.037367337826400115
553805,0.960859668724497,0.03766172074653096
554305,0.9603118947308503,0.03742362467635907
554805,0.9601743395356703,0.037295448224986205
555305,0.9598984947703547,0.037039733717764256
555805,0.9594828909550837,0.03720523005293752
556305,0.9590650819656619,0.037647388367261
556805,0.9585045707461953,0.037686034100797294
557305,0.9579401336855209,0.03800260843748271
557805,0.957656441966768,0.03774453865393834
558305,0.9567994692266734,0.0380818940702512
558805,0.9565118444338991,0.03838130000272466
559305,0.9565118444338991,0.03838130000272466
559805,0.9563676629557663,0.03825153148838112
560305,0.9557884753010325,0.0380127449734049
560805,0.9556430626941943,0.038162348994156714
561305,0.9553514982866056,0.03790373060138519
561805,0.9550589479406626,0.03820301879199561
562305,0.9549123029104831,0.03835319685471794
562805,0.9547654112391123,0.038503731618935166
563305,0.9544708877629982,0.038805873434066385
563805,0.9543232558530892,0.03867540129980007
564305,0.9541753770916569,0.038826762595563835
564805,0.9537302591691814,0.038999560280844614
565305,0.9534322786581322,0.03930430557304032
565805,0.952983453980786,0.039194364778288415
566305,0.9525324033233866,0.03936868228989421
566805,0.9522304655108591,0.03967556139299655
567305,0.951775701646693,0.039851508958313575
567805,0.9514712870048353,0.03958736705823851
568305,0.9511658808663566,0.03960933386445875
568805,0.9500891449817128,0.04011757697658558
569305,0.9496239622734801,0.04058496030748682
569805,0.9493125978599055,0.04089839706365239
570305,0.9491565427019967,0.04076453960767268
570805,0.94837253513972,0.04067715381479109
571305,0.9478991431377468,0.04085755569888572
571805,0.9472644652226871,0.040904566047454516
572305,0.9471051723995374,0.04077067858850025
572805,0.9466257969774001,0.04124436064457315
573305,0.945821844602991,0.04174577739177332
573805,0.9454985146185455,0.04206596760375403
574305,0.9450116442027074,0.04195490424052517
574805,0.9446858129410867,0.04227637382671168
575305,0.9441951883806853,0.042462816550352
575805,0.9440311459097792,0.042326471578062685
576305,0.9435375148035032,0.042513357859333856
576805,0.9435375148035032,0.042513357859333856
577305,0.9430416268889363,0.043000773971891615
577805,0.9430416268889363,0.043000773971891615
578305,0.9430416268889363,0.043000773971891615
578805,0.9427097803549663,0.04302658277305671
579305,0.9423769295795534,0.043052483504338435
579805,0.94221012744839,0.043215997984505705
580305,0.94221012744839,0.043215997984505705
580805,0.9420430740731314,0.04307847643939944
581305,0.9415404058673056,0.043570595161403936
581805,0.9413723468995969,0.04373541331784814
582305,0.9410354742439404,0.04376205026391655
582805,0.9410354742439404,0.04376205026391655
583305,0.9406975948801769,0.04378878193071889
583805,0.9403587083092996,0.0438156086041388
584305,0.9398484888433845,0.04400829983932142
584805,0.9395070820590697,0.044341019883452626
585305,0.9386491497495055,0.045179744764483054
585805,0.9384768058618482,0.04534868249067825
586305,0.9383042093499069,0.04551801946230438
586805,0.9374374351776977,0.045745074837965416
587305,0.9372633215694084,0.04591551004597605
587805,0.9362133230533178,0.046002703034901615
588305,0.9358612965078054,0.04603197369787937
588805,0.93568490286978,0.04620341594703381
589305,0.9355082555670193,0.046375264364558966
589805,0.9344430410823386,0.04678026538293234
590305,0.9333686779103324,0.04718857739869842
590805,0.9331887269083052,0.04736309762730051
591305,0.9328280610332645,0.04707572341008426
591805,0.9324663762108187,0.047106512765867414
592305,0.9317399475413808,0.04748731356747893
592805,0.9317399475413808,0.04748731356747893
593305,0.9315577026777564,0.04734332237252037
593805,0.931192447233608,0.04737460041638952
594305,0.9306426487388171,0.04758163330457843
594805,0.930090550184726,0.04746909906096908
595305,0.9295361496886541,0.04767695620635193
595805,0.9289794453574773,0.04820788869067372
596305,0.9280464799968855,0.04910125133624388
596805,0.9271071009240901,0.04902159797174632
597305,0.9263509737747527,0.04941597523883745
597805,0.9261612991791524,0.04959704756506167
598305,0.9261612991791524,0.04959704756506167
598805,0.9254000273855817,0.04966550054641594
599305,0.924057882850873,0.049293140634661725
599805,0.9234788083906929,0.04983875976564445
600305,0.9232852670723088,0.050021507120520114
600805,0.9225085173164926,0.04976134056945414
601305,0.9221185906993634,0.0497965510735664
601805,0.9219232391925756,0.04964911362393898
602305,0.9215317594047043,0.04935484394158407
602805,0.9213356309720693,0.04920801168063016
603305,0.9207456906071714,0.04909642879531795
603805,0.9203511003784905,0.049131599914074675
604305,0.9197572685252788,0.04902029227417515
604805,0.9195588051971619,0.04887389105211426
605305,0.9193600820519232,0.0490556531675872
605805,0.9191610990121946,0.04890919345104128
606305,0.9179617386392671,0.04901584791700264
606805,0.917760934160027,0.048869412303131354
607305,0.9173585435674533,0.04890515478395163
607805,0.9171569572967102,0.04875886056232992
608305,0.9171569572967102,0.04875886056232992
608805,0.9159419610490913,0.04853837703680641
609305,0.9155348732985029,0.04824695384627253
609805,0.9153309373763068,0.04810154336544037
610305,0.9147175604592253,0.04799203023534626
610805,0.9134837381872107,0.047448530610051165
611305,0.9126559470902337,0.046872417741050665
611805,0.9122404767055685,0.04690787136576935
612305,0.9122404767055685,0.04690787136576935
612805,0.9122404767055685,0.04690787136576935
613305,0.9118239555528734,0.046943449295029804
613805,0.9116153007320819,0.047123066331721586
614305,0.9105680808659602,0.04672762617365189
614805,0.9105680808659602,0.04672762617365189
615305,0.9103578471573639,0.046584249643697895
615805,0.9095142770821734,0.04633373424534537
616305,0.9095142770821734,0.04633373424534537
616805,0.9090909097221919,0.046369496132451116
617305,0.9086664865795617,0.04608388973242317
617805,0.9080278707875906,0.04597708145109003
618305,0.9071726814697931,0.04604884667383724
618805,0.9063132567238499,0.04579999434455395
619305,0.9060977381047648,0.045657832161706824
619805,0.9054495910217291,0.045551805841284265
620305,0.9045816787959513,0.04530427923363889
620805,0.9037095144393352,0.04505741260740803
621305,0.9032718359487992,0.044775288317159934
621805,0.903052597315412,0.04495223317491903
622305,0.9023932827949788,0.04484724559453457
622805,0.9023932827949788,0.04484724559453457
623305,0.9012890911616053,0.04446111951142906
623805,0.900623371766616,0.04404062046063073
624305,0.900623371766616,0.04404062046063073
624805,0.8999552460754223,0.04425262473956537
625305,0.8990606644437642,0.044008688792553485
625805,0.898611765961592,0.04436163012985861
626305,0.8979364065847639,0.0445755861029129
626805,0.8977107499817911,0.04443493895022177
627305,0.8972586310032185,0.04447178640623228
627805,0.8972586310032185,0.04447178640623228
628305,0.8968054370405274,0.04482778280227262
628805,0.896351167346672,0.045185659564316194
629305,0.8958958211719604,0.04490267018402361
629805,0.8954393977640469,0.04494031148981947
630305,0.8949818963679221,0.044978085224952724
630805,0.8945233162259045,0.04501599190790173
631305,0.894063656577631,0.044733369011367374
631805,0.8931410957074035,0.04448929210552721
632305,0.8926781929512349,0.04452717770322723
632805,0.892446335655942,0.044386416080704594
633305,0.8919818087476739,0.044105487594683135
633805,0.8917491389408804,0.04428372649594603
634305,0.8908157484267631,0.04435987494361837
634805,0.8908157484267631,0.04435987494361837
635305,0.8905817224885191,0.044539006316156815
635805,0.8898780151627255,0.04411703329980088
636305,0.8896429025558614,0.04397677163971181
636805,0.8891718615026662,0.04369684249068806
637305,0.888226513263211,0.04377305861113723
637805,0.8879894951787495,0.04395145723585148
638305,0.8872768048678645,0.04384981381150188
638805,0.8872768048678645,0.04384981381150188
639305,0.8868003136092366,0.043888394927101615
639805,0.8860835281293471,0.043786995839787735
640305,0.8858440529402842,0.04396596693975596
640805,0.8844014543826353,0.043763596708603414
641305,0.8841600624321708,0.04362364679500885
641805,0.8831917512710551,0.04306582286959393
642305,0.8824626344790816,0.042965514504811675
642805,0.8824626344790816,0.042965514504811675
643305,0.8824626344790816,0.042965514504811675
643805,0.8824626344790816,0.042965514504811675
644305,0.8817310430675749,0.04286538611271418
644805,0.8812419392791733,0.04290423639585894
645305,0.8802604250899986,0.04330027724119068
645805,0.8797680130016736,0.04333984005881453
646305,0.8795213928384567,0.04320033225149955
646805,0.879027323742352,0.04323995666758307
647305,0.8780358674828632,0.04300098071397118
647805,0.8772893686023364,0.04258434733280514
648305,0.8767903169298992,0.04262385490732146
648805,0.8767903169298992,0.04262385490732146
649305,0.875788883879453,0.04238641280449951
649805,0.8752865007594228,0.04274322464800462
650305,0.8750348921681219,0.04292238250185698
650805,0.8740256750313706,0.042684548080473506
651305,0.8737726745031428,0.04286387750679577
651805,0.8732658371794937,0.042585974213951605
652305,0.8732658371794937,0.042585974213951605
652805,0.8722488143509504,0.04234903508086929
653305,0.871738627060413,0.042072542194393714
653805,0.8712273213233311,0.04179683719533145
654305,0.8709712487559765,0.0419746634763396
654805,0.8702013509033497,0.04156174387901668
655305,0.8696866844093676,0.04191723589311813
655805,0.8691708958466513,0.04195765702470555
656305,0.8686539843016141,0.04199822331290226
656805,0.867876509385759,0.04190087632554618
657305,0.8670965025880355,0.041803702952543764
657805,0.8663139607838624,0.04170670278619926
658305,0.8660525496385902,0.04188552094131792
658805,0.8655288808320056,0.041609875420748454
659305,0.8652666229365616,0.041788644414642584
659805,0.8642147653325359,0.04155424077255265
660305,0.8636871392658516,0.041595409238134984
660805,0.8620974606182354,0.041402861902424704
661305,0.8610319982551435,0.040854557583757
661805,0.8607649219880484,0.04071797314836201
662305,0.8602299157962034,0.040445394648024324
662805,0.859961985628859,0.04030940069881028
663305,0.859961985628859,0.04030940069881028
663805,0.8596937705851435,0.040486221904746156
664305,0.8594252705432193,0.04035013990270109
664805,0.8588874149763084,0.04039102683195395
665305,0.8580784910809341,0.04060959453076829
665805,0.8567245682625123,0.040556065132111185
666305,0.856180995533468,0.04028360110940876
666805,0.8553634866120703,0.040502977502020476
667305,0.8548170459859801,0.04023054589898145
667805,0.8542694564444486,0.040272213731905815
668305,0.8539952305151675,0.04013620205068191
668805,0.8537207169783052,0.04031403377552345
669305,0.8531708265747677,0.04035600672635631
669805,0.8520675888862433,0.040125757832709996
670305,0.8509597352038563,0.04084209030340191
670805,0.8506820495706259,0.04070504202226699
671305,0.8504040747942322,0.0405681897989576
671805,0.8501258107452158,0.04043153369927499
672305,0.8495684143103144,0.04047434564468766
672805,0.8495684143103144,0.04047434564468766
673305,0.8484501444469932,0.0405604430495341
673805,0.8484501444469932,0.0405604430495341
674305,0.8481698518451912,0.040423701950764945
674805,0.8476083955599374,0.04015080802560256
675305,0.8467640314509017,0.040057564370446164
675805,0.8459170485484222,0.03996448590239421
676305,0.845634138340096,0.0398285361204036
676805,0.8450674432617338,0.03987157226574822
677305,0.8444995810751541,0.03960007076883221
677805,0.8442152119806514,0.039778823106713435
678305,0.8436455971158394,0.04013797291217436
678805,0.8433603510754497,0.04000163974673043
679305,0.8425028568967429,0.039909083924825284
679805,0.8425028568967429,0.039909083924825284
680305,0.8413554287772653,0.03999673343871013
680805,0.8407799540222322,0.04035848143106502
681305,0.840203304005012,0.040085037357943776
681805,0.8384662913205676,0.039584504515974506
682305,0.8381757577803957,0.039448761411143174
682805,0.8381757577803957,0.039448761411143174
683305,0.8370106715636663,0.039221735883334996
683805,0.8364263552535665,0.03895142473256519
684305,0.8364263552535665,0.03895142473256519
684805,0.8355476611088416,0.03886030130890861
685305,0.8355476611088416,0.03886030130890861
685805,0.8349603835701924,0.03859096913627158
686305,0.8349603835701924,0.03859096913627158
686805,0.83407724224757,0.03881330481469947
687305,0.8334869963518331,0.03917226425621778
687805,0.8325993971098096,0.038766763612703925
688305,0.8323029353450424,0.038631989304703795
688805,0.8314117619676913,0.03885565767914578
689305,0.8305179034056942,0.03908060410896763
689805,0.8290221613140679,0.03871988745441712
690305,0.8284217688007487,0.03845029646425191
690805,0.8275189309562094,0.03804738317397982
691305,0.8272173846587512,0.03791347195727557
691805,0.8257051438122972,0.0372468691185619
692305,0.8250981402962989,0.03698160791604532
692805,0.8250981402962989,0.03698160791604532
693305,0.8244899308643099,0.03671713639233698
693805,0.8235753529629191,0.03662853597647875
694305,0.823269889384429,0.03680418868734936
694805,0.8226580548913567,0.03715721691778073
695305,0.8223516836694353,0.0370244631673422
695805,0.8211231686803194,0.03649542212039314
696305,0.8195806955837164,0.036144191803727854
696805,0.8189615776523955,0.03588183242116638
697305,0.8189615776523955,0.03588183242116638
697805,0.8186515619110193,0.03605644835091759
698305,0.8167850626588017,0.03557616295903321
698805,0.8158476885163011,0.03548899523819926
699305,0.8149075589477137,0.03570698960802354
699805,0.81427927296677,0.03575093578473787
700305,0.8136497591305982,0.03579505206336031
700805,0.8127031833088826,0.03570818732373626
701305,0.8120705941488775,0.03575253669387157
701805,0.8111193992172523,0.035665884603630404
702305,0.8108017172648587,0.03553490893359623
702805,0.8101654269074718,0.035579382766539824
703305,0.809846818171456,0.03544849470196043
703805,0.8095279001760273,0.03531780499179016
704305,0.8095279001760273,0.03531780499179016
704805,0.8082491322697537,0.0351012237624565
705305,0.8072868009369476,0.03501528233406637
705805,0.8069654028535889,0.035190148412206024
706305,0.806321674215899,0.035234872225763825
706805,0.806321674215899,0.035234872225763825
707305,0.8050304823101245,0.03471389882981857
707805,0.8043830163182378,0.03475834656881527
708305,0.8040588152141825,0.03462848731768964
708805,0.8034094759314109,0.0346729965498036
709305,0.8030843374083467,0.03454322286504474
709805,0.8017806534056258,0.03432861589468639
710305,0.8007995991355288,0.03454754675347915
710805,0.7991582256259251,0.03450774915484511
711305,0.7975089792110027,0.034468403584074214
711805,0.7971781832289988,0.034338620210536464
712305,0.7961838986720962,0.03425427489416155
712805,0.7951867654290354,0.033866368416474835
713305,0.7951867654290354,0.033866368416474835
713805,0.794186778629709,0.033782415210370065
714305,0.794186778629709,0.033782415210370065
714805,0.7935185330367913,0.0338275449267178
715305,0.7928490155620346,0.03387285571472798
715805,0.7925137794117327,0.03404772407295609
716305,0.7921782247415889,0.034223213415114806
716805,0.791506159105978,0.034269312636339144
717305,0.7911696477717294,0.03413949886120793
717805,0.7908328171800727,0.034315597812830334
718305,0.7898204080060771,0.03392639484852533
718805,0.7894822985284241,0.03379705969069979
719305,0.7891438688633905,0.033667924342885014
719805,0.7884660482225332,0.03341025363048
720305,0.7884660482225332,0.03341025363048
720805,0.7877869445825907,0.03315338382559907
721305,0.7874469111673396,0.033327226006033994
721805,0.7860835624595071,0.03281460724164309
722305,0.7850576698098259,0.032732039880124963
722805,0.7833413932056601,0.032996542670753026
723305,0.7823077454565848,0.033217217196146676
723805,0.7819625480801919,0.033392580341722655
724305,0.7809250088430535,0.0336156656695199
724805,0.7802316914712861,0.033662941980463934
725305,0.7798845448321774,0.033533454630865434
725805,0.7781439242070438,0.03319316226648095
726305,0.7774453914529962,0.03324032491503337
726805,0.7767455508755593,0.0335942225635798
727305,0.7760444008710756,0.033335237527283956
727805,0.775693334330821,0.03320604548433348
728305,0.775693334330821,0.03320604548433348
728805,0.7746381661347044,0.03343094081975351
729305,0.7746381661347044,0.03343094081975351
729805,0.7735800408159255,0.03334951550994736
730305,0.7728729783742481,0.03339773867576801
730805,0.7714548967625516,0.033187094985005716
731305,0.770387866921943,0.03279999662351507
731805,0.7693178577461375,0.033025246572631284
732305,0.7682448635988829,0.0332520351519322
732805,0.7675278730512971,0.032993123379078226
733305,0.7671688788101624,0.03286396868760533
733805,0.7664498913347972,0.032606262500361916
734305,0.7657295704524779,0.03265465847189819
734805,0.7657295704524779,0.03265465847189819
735305,0.7650079144578512,0.032703259780690885
735805,0.7639229233830195,0.03231741553868395
736305,0.7631979221016928,0.03236582356368101
736805,0.7624715796851799,0.03210933564669516
737305,0.7606498447648058,0.03238354288665335
737805,0.7602844882250318,0.03225499665397624
738305,0.7591863955397475,0.03217548717144392
738805,0.7588196895532966,0.0320472093842179
739305,0.7573494842355243,0.03214523780098133
739805,0.7562432735609359,0.03176080026999539
740305,0.7562432735609359,0.03176080026999539
740805,0.7547635722259833,0.031554167322891846
741305,0.7540216801625429,0.031299425583243945
741805,0.753278424745151,0.031045496903051584
742305,0.7529062852081445,0.03122080298085228
742805,0.7521609813322602,0.03157348840016594
743305,0.7521609813322602,0.03157348840016594
743805,0.7514143095213953,0.03131832302290416
744305,0.7499168547047501,0.0311127711878999
744805,0.7495416331482767,0.030985761015586588
745305,0.7495416331482767,0.030985761015586588
745805,0.7487901589809765,0.030732352299708054
746305,0.7484139059020604,0.030605954132029045
746805,0.7472830798655523,0.03022798666622495
747305,0.7472830798655523,0.03022798666622495
747805,0.7465274711494428,0.029977032803572334
748305,0.7465274711494428,0.029977032803572334
748805,0.7461491486737001,0.029851863786963917
749305,0.7453914662983335,0.029899475325562364
749805,0.7446323991006911,0.02964947311323085
750305,0.7446323991006911,0.02964947311323085
750805,0.7442523455952437,0.02982205160970608
751305,0.7438719451653042,0.02969701231456745
751805,0.7434911975701917,0.029572178867549814
752305,0.7427286599192169,0.029323130317469137
752805,0.7423468693794797,0.029198915616808874
753305,0.741964730706818,0.029074907569084152
753805,0.7411994079894035,0.029417988524246708
754305,0.7408162234567193,0.02929348984939073
754805,0.7408162234567193,0.02929348984939073
755305,0.7396645742244321,0.0295136909560072
755805,0.7385097763744225,0.029139956322498106
756305,0.7381241429120167,0.02901579164289847
756805,0.7377381586132571,0.028891834075139955
757305,0.7361907080693066,0.028691704482897595
757805,0.7361907080693066,0.028691704482897595
758305,0.7350264241322685,0.028910643268687752
758805,0.7342484710503714,0.028662897660269304
759305,0.7342484710503714,0.028662897660269304
759805,0.7334691045724018,0.028415983413740187
760305,0.7330788906740844,0.028292838590208813
760805,0.7315144913893388,0.028094101015985862
761305,0.7315144913893388,0.028094101015985862
761805,0.7303374638564815,0.02801842835438262
762305,0.7295509996893842,0.027773433344641996
762805,0.7283686295223235,0.02769801354266188
763305,0.7271830443804181,0.027622721181424392
763805,0.7259942371623965,0.02783958616149962
764305,0.7248022007210906,0.027764493671834867
764805,0.7240057121968726,0.02781218495177462
765305,0.7236069278630337,0.027689529221472053
765805,0.72200818377224385,0.027492306392594146
766305,0.7212066438888596,0.02753998384210976
766805,0.720001618150627,0.027465402620541868
767305,0.7191964538596187,0.027221076280318668
767805,0.7183898359649321,0.026977594199246946
768305,0.7179859812262637,0.026856170358270814
768805,0.7171771787811013,0.026903374512880718
769305,0.7163669171915238,0.026950798609119864
769805,0.7159612385200493,0.02682928046373656
770305,0.7147420076360227,0.027046312613700385
770805,0.7135194785334216,0.02726507356137331
771305,0.713111234575038,0.027142724489095604
771805,0.7118842959452947,0.02736270888511294
772305,0.7110644950381553,0.02741187272093848
772805,0.7102432179947529,0.027461269466713678
773305,0.709008529621713,0.027387763991387093
773805,0.7081835521158963,0.02743747202831026
774305,0.7069433021359728,0.027068852696243706
774805,0.7061146095788201,0.027118317621098953
775305,0.7056997046449246,0.027291001739669807
775805,0.7044527516674823,0.02721795996929033
776305,0.7032024351746011,0.027740759578526064
776805,0.7027849141668882,0.027616704946245685
777305,0.7027849141668882,0.027616704946245685
777805,0.7019487470829607,0.027667944745075057
778305,0.7011110778948997,0.02742014186330599
778805,0.6994312234957046,0.027224015946201607
779305,0.6985890334016897,0.02697758011819562
779805,0.6985890334016897,0.02697758011819562
780305,0.69732291273314,0.02660952321590615
780805,0.6969001151342651,0.026782411035452203
781305,0.6960533820109938,0.026537348733930433
781805,0.6960533820109938,0.026537348733930433
782305,0.6952051295759234,0.026587678435865958
782805,0.6947804328346245,0.026465301613918357
783305,0.6939298967345503,0.026515711543098397
783805,0.6926512313092557,0.026443872343981267
784305,0.6913691247441259,0.0260776667774667
784805,0.6913691247441259,0.0260776667774667
785305,0.6905124710377374,0.02642298298707635
785805,0.6896542815407416,0.026178385308041507
786305,0.6892246100652062,0.02605640889546401
786805,0.6892246100652062,0.02605640889546401
787305,0.6883641120424027,0.026106973941053657
787805,0.6879332848458188,0.02598504290646486
788305,0.687070472453335,0.02603568953536073
788805,0.6853402065011079,0.02643460800720976
789305,0.6840384356390417,0.026363620076465977
789805,0.6836037347468341,0.026538907217931507
790305,0.68316864466371785,0.026415726787282434
790805,0.6822972955869238,0.02646809718574128
791305,0.6809873446577788,0.02639741738870338
791805,0.6801120885591359,0.026151431650874524
792305,0.6801120885591359,0.026151431650874524
792805,0.6787962644040428,0.02578407243736147
793305,0.6779170843125935,0.0261334255369291
793805,0.6770363298270379,0.026186159316722968
794305,0.6765953613242668,0.02606317445738926
794805,0.6761539981866831,0.02623916394971082
795305,0.6757122400671436,0.0261160003883526
795805,0.6748275374894805,0.025870322268465307
796305,0.6743845923329196,0.02574780831611634
796805,0.6743845923329196,0.02574780831611634
797305,0.6730533771841309,0.0256778913734248
797805,0.6717185851125778,0.025906304958753124
798305,0.6712728578970673,0.02578346700358336
798805,0.6699332816858712,0.02601334708207681
799305,0.6699332816858712,0.02601334708207681
799805,0.668590106097928,0.02594390193942242
800305,0.6676926512453725,0.025697781885275273
800805,0.6667935894391367,0.025452533034580616
801305,0.6663434550172302,0.025628534829744032
801805,0.664086733052347,0.025613284495779043
802305,0.6631812141139035,0.025367797870314512
802805,0.6622740734912069,0.025123186997978775
803305,0.6595428915483228,0.024985798048422048
803805,0.6590862672534477,0.024863887023646725
804305,0.658629234145351,0.024742196493148683
804805,0.6581717918424326,0.02462072679306404
805305,0.6572556781209984,0.024378451237605736
805805,0.6567970059345409,0.024257646063462257
806305,0.6563379230173718,0.024431105780054585
806805,0.654958206013164,0.024658863617029514
807305,0.6540363339144457,0.02441589308981784
807805,0.6531128095612151,0.02417381081712089
808305,0.652187629812042,0.02422674827560989
808805,0.6517244181779679,0.024105849579231453
809305,0.6503322914811271,0.024333489191925572
809805,0.6498674173235164,0.02450899826588282
810305,0.6494021265371661,0.02438729737540757
810805,0.6489364187209172,0.024265819064077654
811305,0.64800375038901,0.02431972735864929
811805,0.645664753258617,0.024306593358190298
812305,0.6447262153327524,0.024361201261563492
812805,0.6447262153327524,0.024361201261563492
813305,0.6433152491756715,0.02429409661770987
813805,0.6409551865730787,0.023983810499809355
814305,0.64000819346922,0.02403853427400715
814805,0.6395340592216618,0.02391701442985128
815305,0.6390594992797037,0.02409356532247131
815805,0.637633261038391,0.024326910488420728
816305,0.6362031762045781,0.024562557981283484
816805,0.6342903927630146,0.02467692057459181
817305,0.6342903927630146,0.02467692057459181
817805,0.6318897256206141,0.0243644526907294
818305,0.6299614073943866,0.02447953720555318
818805,0.6299614073943866,0.02447953720555318
819305,0.6285106091275136,0.02411016066584748
819805,0.6270558891938016,0.02404468376201907
820305,0.62608389117958,0.023799589022436507
820805,0.6251101411423043,0.023856696360299523
821305,0.6231573703441109,0.023669098634428565
821805,0.6231573703441109,0.023669098634428565
822305,0.6216881658302322,0.023906971355126427
822805,0.6207064861281741,0.023661528154909184
823305,0.6197230340353238,0.023719340546493495
823805,0.6192306421655157,0.023900537068616057
824305,0.6187378057832561,0.02377749579099464
824805,0.6177507975830954,0.02353209566733716
825305,0.6162669395412542,0.02346758407244076
825805,0.6162669395412542,0.02346758407244076
826305,0.6147790550951766,0.02310122783185964
826805,0.6142821966039782,0.022979568080976565
827305,0.6137848887992572,0.022858138535828187
827805,0.6132871311936535,0.022736939624637076
828305,0.6127889232984679,0.02261597177802832
828805,0.610791579000737,0.02213441973489938
829305,0.610791579000737,0.02213441973489938
829805,0.6102911122798953,0.022014613755770518
830305,0.6082847079052943,0.021830818659366313
830805,0.6067751262305132,0.02147355292037878
831305,0.6057664554542443,0.0212365545927774
831805,0.604755953538644,0.021000503647548685
832305,0.6032367583199164,0.021226984756157585
832805,0.6012047173151163,0.02104486007530504
833305,0.6012047173151163,0.02104486007530504
833805,0.6006955522823386,0.021218096696329236
834305,0.5996758328161889,0.021273335749279587
834805,0.5981427722110395,0.021209902623303245
835305,0.5966055211904778,0.02114659699827448
835805,0.5966055211904778,0.02114659699827448
836305,0.5955783520463493,0.02090930262212576
836805,0.5945493097768273,0.020964661937420748
837305,0.5935183900502898,0.0207278661003224
837805,0.5904143224362742,0.020601947229589412
838305,0.5888559003450234,0.020248618062518098
838805,0.5883354761946106,0.02042116726109955
839305,0.5872931993477876,0.02018587491519308
839805,0.5867713455236283,0.02006859334144384
840305,0.5867713455236283,0.02006859334144384
840805,0.5841548996910572,0.02006076145401514
841305,0.5831049615523803,0.0198264783943789
841805,0.5825792702222994,0.019709704484157653
842305,0.5804716762801103,0.01953084028459684
842805,0.5799435677181874,0.019414568183583447
843305,0.5799435677181874,0.019414568183583447
843805,0.5794149739512545,0.01929854346540083
844305,0.5783563284393953,0.019352362902981146
844805,0.5772957350009004,0.019120580795476627
845305,0.5767647063189926,0.01900506297429505
845805,0.5757011820338164,0.01934456419961006
846305,0.5741022192602436,0.018996568740924702
846805,0.57303378610508,0.018765821136548233
847305,0.5708909986442391,0.018589024381558072
847805,0.5692787076015573,0.01909791355186974
848305,0.5671220202853124,0.018920336934421078
848805,0.5644149091109012,0.018627426741988917
849305,0.5633285476382204,0.018682039755349433
849805,0.5633285476382204,0.018682039755349433
850305,0.5622401687179247,0.01873702451728798
850805,0.5611497671513224,0.018792384904652404
851305,0.5573173575049846,0.01913515831036161
851805,0.5545645869118259,0.018840208143249382
852305,0.5529067500763211,0.0187801268878951
852805,0.5523531046235739,0.018663124558429556
853305,0.5517989414372935,0.018546377575447304
853805,0.547905244256029,0.018021966754283025
854305,0.5462286810677968,0.01767635214645369
854805,0.5456687767023942,0.017846632651529415
855305,0.5434238902803485,0.017387363485347307
855805,0.5428613478244656,0.017273202351794525
856305,0.540605872759512,0.016819203078152323
856805,0.5400406740128877,0.016706368068296507
857305,0.5394749417975956,0.016593800394982372
857805,0.5389086753710954,0.01648150077274646
858305,0.5389086753710954,0.01648150077274646
858805,0.5389086753710954,0.01648150077274646
859305,0.5383418739883805,0.01636946992074162
859805,0.5366382526156257,0.01630970521514552
860305,0.5366382526156257,0.01630970521514552
860805,0.5343592224311997,0.01641483883268302
861305,0.5332164643515565,0.01646798433248542
861805,0.5314982562084696,0.016131092364593425
862305,0.5303500610489723,0.015907858271365427
862805,0.5291996801441311,0.016236918224535768
863305,0.5286236680701252,0.016124616381760437
863805,0.5274699967212443,0.016457455779173347
864305,0.5257353597411523,0.01611888694538799
864805,0.522833231253428,0.016113921473533965
865305,0.5222511382179076,0.01600132479001337
865805,0.5205015096631214,0.01594272053561241
866305,0.5205015096631214,0.01594272053561241
866805,0.5187468395209117,0.01588423466802702
867305,0.5163993977874834,0.01571352146485705
867805,0.5140428988449857,0.015543186197742975
868305,0.5122695478028532,0.015485036265521335
868805,0.5122695478028532,0.015485036265521335
869305,0.511084454639879,0.015261704333712767
869805,0.5104910476900273,0.015427004335640815
870305,0.5098970659859698,0.015593595362360047
870805,0.5093025086422678,0.015481202310345776
871305,0.5075153738709108,0.015145715991065178
871805,0.5063210561142714,0.014923477759999804
872305,0.5057230261584857,0.01508789680681133
872805,0.5033250779232294,0.014918910163723043
873305,0.5027241291789912,0.014807912226244113
873805,0.5021225939158491,0.014697201918152714
874305,0.5003144597128063,0.014366805830238527
874805,0.499106087205672,0.014147996641212024
875305,0.4948580809160864,0.01339144843406237
875805,0.4930285431883954,0.013598645480058957
876305,0.488738512769615,0.013376015052942059
876805,0.4875073259028513,0.013426555776770543
877305,0.4868908167803489,0.013585934473210437
877805,0.48441865185501154,0.013154090182326161
878305,0.4825580644170644,0.013097033430770733
878805,0.48006860926181477,0.013198604723137053
879305,0.4788201461266468,0.012983237575263873
879805,0.4788201461266468,0.012983237575263873
880305,0.4788201461266468,0.012983237575263873
880805,0.47819497693359814,0.012876015810639796
881305,0.475688024146564,0.012712348112342564
881805,0.47505971150786075,0.012869867508647381
882305,0.47317097737242864,0.012813343040112501
882805,0.4725401302298432,0.012706091189036872
883305,0.4706437658828002,0.012649662068014988
883805,0.47001036637662874,0.012808208299841306
884305,0.47001036637662874,0.012808208299841306
884805,0.46810631780582773,0.012486377364441803
885305,0.46619647009265364,0.012430149010521085
885805,0.46492000111870524,0.01274794096780929
886305,0.4630004185191987,0.013235557441868995
886805,0.4617174302414828,0.013568067819491048
887305,0.46107495256493164,0.013456841731694258
887805,0.4604318175964577,0.01362470839844332
888305,0.4591435709533071,0.013401869633782204
888805,0.4591435709533071,0.013401869633782204
889305,0.4578526806005796,0.013180275893850402
889805,0.4565591367451853,0.013236033812163983
890305,0.4552629295113781,0.013292310109074723
890805,0.45396404893971876,0.013349112263759677
891305,0.4533136030167261,0.013518507908372834
891805,0.4533136030167261,0.013518507908372834
892305,0.450705085531037,0.013352216779822568
892805,0.4493967686130651,0.013410278869847136
893305,0.4480857324753926,0.013186279134201784
893805,0.4454554606937998,0.013302602650543394
894305,0.44347554060119265,0.013248974581084871
894805,0.4421521374687909,0.01302466069640329
895305,0.4388314528787838,0.013029713376013885
895805,0.43549323461709044,0.013035889919531973
896305,0.4334818143658057,0.012982981893402079
896805,0.4314639798908527,0.012646110729221727
897305,0.43078993624253337,0.012534474252622108
897805,0.4301151740745821,0.012423167013680736
898305,0.4287634882735323,0.012201545807792091
898805,0.4280865616702899,0.012091234650307037
899305,0.4280865616702899,0.012091234650307037
899805,0.4267305335814635,0.011871618341172674
900305,0.4260514290842999,0.012037987128800998
900805,0.424691031602904,0.012095299568123163
901305,0.42264494120532725,0.011765036991224553
901805,0.42127720013247877,0.011546562294453944
902305,0.41990649984069667,0.01160247939642034
902805,0.41784487321875563,0.011276154228301083
903305,0.41784487321875563,0.011276154228301083
903805,0.41784487321875563,0.011276154228301083
904305,0.41577651680348493,0.011222972253074115
904805,0.4143938521781816,0.011007058659083802
905305,0.4137013868539976,0.010899630369029634
905805,0.4116194389926447,0.010579479027429173
906305,0.4095306281911508,0.010262562810691933
906805,0.4074349087563426,0.010209085229576531
907305,0.4039265642484591,0.009946108151121291
907805,0.4032225578010158,0.010102466395082055
908305,0.39969074001837696,0.010101796165550847
908805,0.3989820067139994,0.010261141333423152
909305,0.39685103439028235,0.009943390951652198
909805,0.39685103439028235,0.009943390951652198
910305,0.3954263906212164,0.00999619143216246
910805,0.3947128644571405,0.009890596627568304
911305,0.3925674461301237,0.009576083283115322
911805,0.39113311492162184,0.009368319558177851
912305,0.39113311492162184,0.009368319558177851
912805,0.38681049914745275,0.00926260362527509
913305,0.38608718089432936,0.009159217533945885
913805,0.38536303379532155,0.0090562245757565
914305,0.38463805582600613,0.00895362683057821
914805,0.38391224495108445,0.008851426399217543
915305,0.3831855991242957,0.00874962540369617
915805,0.38100063130382805,0.00869672987312553
916305,0.3780755254553602,0.008293443064824602
916805,0.37660787067476653,0.00834075793908684
917305,0.37439996276212983,0.008287961183645498
917805,0.37292371483395226,0.008087846358564521
918305,0.3684740905063886,0.008230944950697427
918805,0.3662374207009383,0.007929848971628406
919305,0.36324275683198537,0.007534388538337322
919805,0.3609873478062174,0.007242383013683296
920305,0.35872379957993217,0.007429305947735276
920805,0.3572102128476459,0.007234113670679498
921305,0.3572102128476459,0.007234113670679498
921805,0.3549329508659529,0.007422899539948125
922305,0.35188364845522124,0.007272354563391703
922805,0.34958686609781475,0.006980036302808967
923305,0.34805096895559867,0.007024827667274192
923805,0.3457400061158694,0.006972724828696264
924305,0.3457400061158694,0.006972724828696264
924805,0.34264532199498593,0.007309571333528941
925305,0.34109218678232145,0.0076094404630122625
925805,0.3371922692907542,0.00813037449692755
926305,0.3364093346606234,0.00802549960446386
926805,0.3348404906692946,0.008080365014712765
927305,0.33405457532214855,0.00797539214070353
927805,0.33090088750496527,0.008086399047816495
928305,0.33010994358260703,0.008249769431144083
928805,0.3277310092024362,0.008754584692083345
929305,0.3229453914292149,0.009236108404512944
929805,0.32053853186545733,0.009190223225525096
930305,0.32053853186545733,0.009190223225525096
930805,0.32053853186545733,0.009190223225525096
931305,0.3181221847025555,0.00914457837313587
931805,0.3173146113228378,0.00903122323365424
932305,0.3132606547336607,0.009054032288696834
932805,0.3116314970724093,0.009123540189321488
933305,0.3099979673079287,0.009194182300959697
933805,0.3099979673079287,0.009194182300959697
934305,0.3091795536577409,0.00907912855013504
934805,0.3067176726908423,0.009338987313518676
935305,0.3034195289646769,0.008876088328694576
935805,0.3034195289646769,0.008876088328694576
936305,0.30259217507961905,0.00906332267672183
936805,0.299271368778962,0.00921141153629712
937305,0.2976040745105972,0.009287389069583596
937805,0.29676869021601954,0.009169549418037493
938305,0.29425553843816804,0.00881874022148732
938805,0.2917317988412648,0.008776431930377027
939305,0.29004336584331525,0.009164763641281604
939805,0.28750171784294193,0.009124649985290056
940305,0.28665208420379024,0.009005684029432692
940805,0.28580123412391695,0.008887178244523675
941305,0.2849491629753844,0.008769136345409656
941805,0.2840958660928238,0.00865156210080853
942305,0.28152857381622004,0.008610659548081157
942805,0.2780880673970991,0.008143974669580611
943305,0.2754944278184238,0.00810227631270033
943805,0.27201830193418475,0.008254137781136928
944305,0.26939757001674935,0.008214183253440588
944805,0.2685213665923382,0.00809652843628672
945305,0.2685213665923382,0.00809652843628672
945805,0.2676438410278534,0.007979373433347758
946305,0.2650032760468498,0.007939178703455507
946805,0.2623506101149661,0.0075898021284785955
947305,0.2596856874064527,0.007860032366399983
947805,0.25790218406423804,0.007939631221494658
948305,0.25431842678114946,0.008104020397292633
948805,0.2525180730367996,0.007863927167043094
949305,0.2516157550924853,0.007744659353037031
949805,0.2507120011111186,0.007947009180141462
950305,0.24980680452320567,0.008153591808734761
950805,0.24799205693237114,0.008241419867779931
951305,0.24525894807061002,0.008207729456492951
951805,0.24159400189636893,0.008391822904671997
952305,0.23697874313996015,0.008110710384337638
952805,0.23232474811294798,0.008529844114724794
953305,0.23138921511172583,0.008401715278404498
953805,0.23045208536796946,0.008274103359874552
954305,0.22574219521787134,0.00799204351263616
954805,0.224795309573188,0.007865454701684982
955305,0.2228965611786712,0.007613913054665522
955805,0.22099111711600553,0.007364594350348974
956305,0.2190789045362087,0.007117550305978826
956805,0.21812023683266155,0.006994898011877582
957305,0.2152338740335166,0.006962852078100656
957805,0.21038814835335579,0.00635586836997859
958305,0.2094136441187784,0.006236334505628327
958805,0.20843732922815006,0.006442527067372583
959305,0.20745919301791405,0.00632181124457909
959805,0.2054974133269611,0.0064097701772585225
960305,0.20254080964051824,0.006377805331294395
960805,0.20254080964051824,0.006377805331294395
961305,0.2005603187240898,0.006469825341180346
961805,0.19757521546017484,0.006102328018352643
962305,0.19657630165783269,0.005981141923007693
962805,0.19557542761568653,0.005860627488689429
963305,0.19557542761568653,0.005860627488689429
963805,0.1935677483462738,0.005948987631841929
964305,0.1935677483462738,0.005948987631841929
964805,0.18952830221656444,0.005795901431073003
965305,0.18749632159333618,0.005554404440390015
965805,0.1854560217814595,0.0053157662339597955
966305,0.1854560217814595,0.0053157662339597955
966805,0.18340728824761754,0.0054016619913048736
967305,0.18340728824761754,0.0054016619913048736
967805,0.1813500031593275,0.0051631857224212485
968305,0.1803181160221093,0.005369459208417582
968805,0.17408037803808424,0.0053078672486043255
969305,0.17408037803808424,0.0053078672486043255
969805,0.1698764699307314,0.005156070199009544
970305,0.1666989023223753,0.005474372275795392
970805,0.1666989023223753,0.005474372275795392
971305,0.1666989023223753,0.005474372275795392
971805,0.1634996608764332,0.0050993547551998475
972305,0.16027821731083441,0.005072857452121382
972805,0.15919937381075466,0.005300725447175081
973305,0.1559474584731687,0.004922448441434524
973805,0.15047497123308431,0.004308674556761538
974305,0.1493723684845962,0.004188571723333534
974805,0.1482670067176297,0.0040693946054478625
975305,0.1471588604727205,0.003951162279898113
975805,0.1426979042446322,0.0034880855947727607
976305,0.1426979042446322,0.0034880855947727607
976805,0.13932162724448904,0.0037686417924468474
977305,0.1370557901661787,0.0035334623205194315
977805,0.1347776793926958,0.0033025313032827297
978305,0.13363394177677795,0.0031887215780784794
978805,0.13248703885923083,0.0033835975337475066
979305,0.1313369368860023,0.0032677279232528056
979805,0.13018360136087873,0.003152990761447594
980305,0.12902699702074574,0.0030394141521239426
980805,0.1231936518442098,0.0027782713147969096
981305,0.12201664773078326,0.0026674627648489713
981805,0.11965197869104616,0.00244982345929623
982305,0.11367606199644509,0.002196541369249072
982805,0.11125901218143108,0.0022630100343906667
983305,0.11004456925226974,0.002155957736331371
983805,0.10637692209248617,0.0018443126260253573
984305,0.10017962368144716,0.0016009790297094595
984805,0.09640771675744966,0.0018233486865077975
985305,0.09386964032602596,0.0016152602249138726
985805,0.09259333127386622,0.0017837400746195664
986305,0.08613572509346959,0.0018181374245525017
986805,0.08087277323939276,0.0019846767647211383
987305,0.08087277323939276,0.0019846767647211383
987805,0.08087277323939276,0.0019846767647211383
988305,0.07954272181058006,0.001866536573448041
988805,0.07820671592676094,0.001750366663779701
989305,0.07416171666116524,0.0017194095524454278
989805,0.07280061053393987,0.0016032658114467635
990305,0.07143287989720544,0.0014893688911835623
990805,0.06867692695412429,0.001572526777749328
991305,0.06728837685773226,0.0017891632522165635
991805,0.06728837685773226,0.0017891632522165635
992305,0.06448924781053549,0.0015446112332573314
992805,0.06165946253015625,0.0013097436997023815
993305,0.06023255251414103,0.0011963276677091628
993805,0.05590095680801958,0.0011633213473687398
994305,0.05443927638203669,0.001050194056551601
994805,0.049996698212592616,7.316932721944669e-4
995305,0.043925865204932066,5.90257243114678e-4
995805,0.039247041137365546,3.2181813784371016e-4
996305,0.034443461515749264,5.072506217121964e-4
996805,0.03116175118740412,5.798772959197951e-4
997305,0.03116175118740412,5.798772959197951e-4
997805,0.03116175118740412,5.798772959197951e-4
998305,0.02780739804937485,3.648526151101006e-4
998805,0.02083560604425163,5.378787766835424e-4
999305,0.013387479745849149,4.076209539186637e-4
999805,0.005097471454775419,3.9392212529931747e-4
